p_val	avg_log2FC	pct.1	pct.2	p_val_adj	cluster	gene
0	0.839833322095732	0.63	0.592	0	14	IFI6
0	-0.551658039647646	0.076	0.249	0	14	TCF4
0	-0.588484213146103	0.13	0.325	0	14	ITGB1
0	-0.598660177827723	0.092	0.255	0	14	SPP1
0	-0.607417102324207	0.106	0.348	0	14	CTSB
0	-0.640916704347738	0.108	0.275	0	14	TNC
0	-0.682917588855343	0.089	0.271	0	14	HIF1A
0	-0.691668227495319	0.121	0.36	0	14	PGK1
0	-0.706981054157517	0.14	0.414	0	14	LDHA
0	-0.753114948536535	0.17	0.462	0	14	ENO1
0	-0.766316850475432	0.096	0.329	0	14	P4HB
0	-0.793968306401523	0.172	0.488	0	14	CD63
0	-0.898549705796695	0.086	0.285	0	14	VCAN
0	-0.950294646111644	0.498	0.774	0	14	GAPDH
0	-0.958348114007111	0.076	0.321	0	14	STAT3
0	-1.0180729560437	0.042	0.203	0	14	CAVIN1
0	-1.06338317599034	0.042	0.212	0	14	MIF
0	-1.09379210755488	0.176	0.451	0	14	PTN
0	-1.09893789179495	0.145	0.337	0	14	CDK4
0	-1.15926685095874	0.133	0.395	0	14	IGFBP2
0	-1.16215500258244	0.222	0.459	0	14	MDM2
0	-1.19405520381097	0.045	0.249	0	14	CD47
0	-1.34487453359607	0.11	0.303	0	14	GFAP
0	-1.47080947706306	0.05	0.245	0	14	CD44
0	-1.48943214702458	0.048	0.257	0	14	PDPN
0	-1.58209377596335	0.111	0.369	0	14	FN1
0	-1.60288962238738	0.038	0.201	0	14	MX1
0	-1.60436608439112	0.034	0.211	0	14	TIMP1
0	-1.89660948424561	0.031	0.242	0	14	RHOB
0	-2.07061136066883	0.03	0.216	0	14	TGFBI
0	4.0088676362936	0.612	0.022	0	7	SOX18
0	3.77817660386847	0.835	0.044	0	7	GATA2
0	3.27866251724365	0.49	0.055	0	7	CXCL10
0	3.25372658462793	0.866	0.101	0	7	SLC26A2
0	3.00065002472343	0.536	0.037	0	7	ALDH1A3
0	2.8962561722523	0.382	0.04	0	7	ERBB2
0	2.8011243651401	0.998	0.407	0	7	MDM2
0	2.79744345030362	0.98	0.278	0	7	CDK4
0	2.10561247142858	0.289	0.039	0	7	CXCL9
0	2.09903019135437	0.285	0.03	0	7	TRAC
0	1.75537089627782	0.675	0.207	0	7	CD47
0	1.58445693697258	0.403	0.097	0	7	ICAM1
0	1.51287517969183	0.241	0.033	0	7	ANGPT2
0	1.50743633894765	0.526	0.144	0	7	TCIM
0	1.27877653735105	0.218	0.04	0	7	MET
0	1.10460022302701	0.328	0.076	0	7	IL1R1
0	0.956013161876782	0.544	0.183	0	7	TGFBI
0	0.867067961364085	0.215	0.049	0	7	PRDM1
0	0.749489973889655	0.632	0.287	0	7	STAT3
0	0.636476866770803	0.54	0.214	0	7	PCNA
0	0.627939193885837	0.266	0.075	0	7	CXCR4
0	0.567597387149011	0.632	0.297	0	7	P4HB
0	0.514807113938957	0.709	0.16	0	7	THAP2
0.000000000000000000000000000000000000000000000000000000000000000000000000000000000000000000142013088914035	-0.54549262721561	0.458	0.344	0.0000000000000000000000000000000000000000000000000000000000000000000000000000000000000000675982303230809	7	PGK1
0.00000000000000000000000000000000000000000306912804477527	-0.555796308925738	0.245	0.204	0.00000000000000000000000000000000000000146090494931303	7	MIF
0.00296572836150443	-0.753063609244022	0.481	0.4	1	7	LDHA
0.0000000000000000000000000000000393492123405082	-0.834943698806558	0.346	0.274	0.0000000000000000000000000000187302250740819	7	VCAN
0.0000000000000000000000000000000000000000000000000000000000000000000000000000000000000000000000000000000000000000176318935051812	-0.84076180076856	0.261	0.191	0.00000000000000000000000000000000000000000000000000000000000000000000000000000000000000000000000000000000000000839278130846626	7	MX1
0.000000000000000000000000000000000000000000000000000000000000000000000000000000000000000000000000000000000000000000000000000000000000000000000000000212392364881226	-0.84569463568771	0.429	0.31	0.000000000000000000000000000000000000000000000000000000000000000000000000000000000000000000000000000000000000000000000000000000000000000000000000101098765683463	7	ITGB1
0.0000200363346086132	-0.927903462411336	0.257	0.243	0.0095372952736999	7	TCF4
0	6.15472402644193	0.718	0.02	0	9	VWF
0	6.09678333113236	0.486	0.008	0	9	EGFL7
0	5.11073541869036	0.665	0.028	0	9	FLT1
0	5.10918601886174	0.688	0.035	0	9	PECAM1
0	4.9995625502869	0.527	0.02	0	9	CD34
0	4.87466071458513	0.476	0.014	0	9	CLEC14A
0	4.80508010887487	0.58	0.029	0	9	CD93
0	4.70080354398244	0.481	0.014	0	9	ECSCR
0	4.27587681211465	0.502	0.019	0	9	ADGRL4
0	4.09728449350599	0.404	0.043	0	9	ANGPT2
0	3.75081964780751	0.237	0.02	0	9	STC1
0	3.46739473166189	0.301	0.014	0	9	TM4SF18
0	3.39928027328433	0.237	0.018	0	9	RAMP2
0	3.17612175218553	0.305	0.036	0	9	CXCL12
0	3.12803015415231	0.421	0.04	0	9	MMRN2
0	3.10552614194503	0.466	0.082	0	9	ITGA5
0	3.01071572343092	0.426	0.068	0	9	APOLD1
0	2.9524184213291	0.214	0.016	0	9	SH2D3C
0	2.78800277299362	0.384	0.06	0	9	MCF2L
0	2.66260606903989	0.314	0.038	0	9	GNG11
0	2.61755426680339	0.301	0.058	0	9	ADAMTS1
0	2.52487872831009	0.26	0.05	0	9	APCDD1
0	2.52291882150807	0.209	0.017	0	9	ERG
0	2.21439759035496	0.374	0.08	0	9	CEMIP2
0	2.11389695473936	0.237	0.051	0	9	ACTA2
0	1.86035587282362	0.365	0.145	0	9	THY1
0	1.84666043873998	0.222	0.062	0	9	NPDC1
0	1.83978795904101	0.275	0.068	0	9	RNASE1
0	1.73629420369839	0.492	0.193	0	9	CAVIN1
0	1.70833991923927	0.212	0.06	0	9	PDGFRB
0	10.5763057203676	0.296	0.001	0	0	C7
0	4.91899434456207	0.393	0.026	0	0	FBLN1
0	4.90350656188027	0.484	0.025	0	0	LTBP2
0	3.620848388425	0.285	0.043	0	0	PTGDS
0	3.23800675170857	0.287	0.046	0	0	THBS2
0	2.87476371542411	0.239	0.038	0	0	CXCL12
0	2.73725396749506	0.202	0.04	0	0	SFRP4
0	2.73392392329851	0.772	0.151	0	0	COL1A1
0	2.7327856570273	0.218	0.022	0	0	OGN
0	2.62341027743931	0.526	0.119	0	0	FBN1
0	2.5080298463627	0.846	0.354	0	0	FN1
0	2.44933956589108	0.34	0.058	0	0	PDGFRB
0	2.37746454083809	0.529	0.201	0	0	TIMP1
0	2.34130832324596	0.231	0.05	0	0	FHL2
0	1.93605849257159	0.28	0.088	0	0	CTSK
0	1.66800630954278	0.488	0.213	0	0	HLA-DRA
0	1.65858122496566	0.407	0.159	0	0	COL5A2
0	1.65269304080027	0.304	0.092	0	0	IL1R1
0	1.56852411765056	0.216	0.084	0	0	PCOLCE
0	1.56090468578972	0.612	0.291	0	0	CD74
0.000000000000000000000000000000000000000000000000000000000000000000000000000000000000000000000000000000000000000000000000000000000000000000000000000000000000000000000000000000000000000000000000000000000000000000000000000000000000000000000000000000000000000000000000000209941331015336	0.99090307309373	0.208	0.089	0.0000000000000000000000000000000000000000000000000000000000000000000000000000000000000000000000000000000000000000000000000000000000000000000000000000000000000000000000000000000000000000000000000000000000000000000000000000000000000000000000000000000000000000000000000999320735632999	0	LYZ
0.000000000000000000000000000000000000000000000000000000000000000000000000000000000000000000000000000000000000000000000000000000000000000000000000274606478732985	0.858510001660783	0.219	0.122	0.000000000000000000000000000000000000000000000000000000000000000000000000000000000000000000000000000000000000000000000000000000000000000000000130712683876901	0	TGFB1
0.00000000000000000000000000000000000000000000000000000000000000000000000000000000000000000000000000000000000000000000000000000000189495446965636	0.713191081958065	0.287	0.182	0.000000000000000000000000000000000000000000000000000000000000000000000000000000000000000000000000000000000000000000000000000000901998327556428	0	C1QB
0.00000000000000000000000000000000000000000000000000000000000000000000000000000000000000000000000000000000000000000000000000000000000000000000000000000000000000000000000000000000000000000000000000000000000000000000000000000000000000000000000000000000000000000000000000000000000000000000000000072503288257256	0.662478532906595	0.503	0.316	0.000000000000000000000000000000000000000000000000000000000000000000000000000000000000000000000000000000000000000000000000000000000000000000000000000000000000000000000000000000000000000000000000000000000000000000000000000000000000000000000000000000000000000000000000000000000000000000000000345115652104539	0	ITGB1
0.00000000000000000000000000000000000000000000000000000000000000000000000000000000000000000000000000000000000000000000000000000000000158860049793977	0.651622847841775	0.393	0.278	0.000000000000000000000000000000000000000000000000000000000000000000000000000000000000000000000000000000000000000000000000000000000756173837019332	0	VCAN
0.00000000000000000000000000000000000313398486874317	-0.682291294624216	0.187	0.244	0.00000000000000000000000000000000149177679752175	0	CD47
0.0000000000000000000000000000000000000000000000000000000000000000000000000000000000000000000000000000000000000000000000000000000000000000000000000000000000000000000000000000000000000000000000000000000000000000000000000000000000000000000000000000000000000236060603645451	-1.06881867664241	0.463	0.594	0.0000000000000000000000000000000000000000000000000000000000000000000000000000000000000000000000000000000000000000000000000000000000000000000000000000000000000000000000000000000000000000000000000000000000000000000000000000000000000000000000000000000000112364847335235	0	IFI6
0.0000000000000000000000000000000000000000000000000000000000000000000000000000302813123153585	-1.08019464916447	0.143	0.23	0.0000000000000000000000000000000000000000000000000000000000000000000000000144139046621106	0	TP53
0.0000000000000000000000000000000000000000000000000000000000000000000000000000000000000000000000000000000000000000000000000000000000000000000000000000000000000000000000000000000000000000000288860387421252	-1.13670086552052	0.26	0.408	0.0000000000000000000000000000000000000000000000000000000000000000000000000000000000000000000000000000000000000000000000000000000000000000000000000000000000000000000000000000000000000000137497544412516	0	LDHA
0.00000000000000000000000000000000000000000000000000000000000000000000000000000000000000000000000000000000000000000000000000000000000000000000175894386995621	-1.19328545344021	0.183	0.31	0.000000000000000000000000000000000000000000000000000000000000000000000000000000000000000000000000000000000000000000000000000000000000000000837257282099155	0	DST
0	4.0722553250577	0.572	0.013	0	28	NKG7
0	4.03246217181592	0.71	0.019	0	28	CD8A
0	3.77649242743362	0.696	0.02	0	28	CD2
0	3.71086700721622	0.596	0.016	0	28	GZMK
0	3.66229168906426	0.571	0.015	0	28	CD3D
0	3.60421306167902	0.577	0.016	0	28	GZMA
0	3.58845680459925	0.473	0.015	0	28	PRF1
0	3.45737567562207	0.566	0.016	0	28	CD3E
0	3.44326595562236	0.406	0.011	0	28	GZMB
0	3.41643631871736	0.813	0.086	0	28	CXCL10
0	3.39526028497927	0.787	0.047	0	28	TRAC
0	3.09517158323516	0.655	0.036	0	28	CCL4
0	3.0917522200489	0.471	0.019	0	28	LAG3
0	2.95698411658028	0.641	0.056	0	28	CXCL9
0	2.89979215390445	0.534	0.025	0	28	CCL5
0	2.88682534303106	0.811	0.065	0	28	SOX18
0	2.7298920199581	0.464	0.029	0	28	HAVCR2
0	2.54601331033187	0.268	0.011	0	28	CD247
0	2.48618690049208	0.237	0.009	0	28	CD27
0	2.34649456399638	0.889	0.102	0	28	GATA2
0	2.16716772272463	0.923	0.157	0	28	SLC26A2
0	2.15674082472763	0.503	0.064	0	28	ERBB2
0	2.08839775002811	0.244	0.014	0	28	TNFRSF9
0	1.98701710622302	0.998	0.45	0	28	MDM2
0	1.90850404940833	0.994	0.329	0	28	CDK4
0	1.87068106240107	0.694	0.118	0	28	ICAM1
0	1.86339351492671	0.607	0.074	0	28	ALDH1A3
0	1.64944550052872	0.652	0.065	0	28	PTPRC
0	1.63235566875774	0.886	0.241	0	28	CD47
0	1.57285593622211	0.213	0.026	0	28	TBX3
0	3.06075625704178	0.449	0.087	0	19	GATA2
0	3.01127749169798	0.542	0.139	0	19	SLC26A2
0	2.68938320415255	0.203	0.069	0	19	ALDH1A3
0	2.40766035882898	0.946	0.426	0	19	MDM2
0	2.31953249850677	0.828	0.305	0	19	CDK4
0	1.59337527960558	0.235	0.17	0	19	TCIM
0	1.32005194585198	0.457	0.188	0	19	THAP2
0.000000000194723445051001	0.967343180008205	0.224	0.244	0.0000000926883598442764	19	CD47
0.00000000000000000000000000000000677555835676122	0.674243967772344	0.22	0.21	0.00000000000000000000000000000322516577781834	19	TGFBI
0.0000307451028429834	0.615276453047022	0.254	0.317	0.0146346689532601	19	STAT3
0	-0.537661220366558	0.427	0.601	0	19	IFI6
0	-0.681188307155602	0.073	0.205	0	19	CAVIN1
0	-0.683593674857062	0.072	0.214	0	19	MIF
0	-0.754998981600264	0.063	0.2	0	19	ACTG2
0	-0.842819193839965	0.155	0.327	0	19	ITGB1
0	-0.850230519420871	0.087	0.224	0	19	HLA-DRA
0	-0.905054555193814	0.114	0.288	0	19	VCAN
0	-0.958182610578519	0.134	0.304	0	19	CD74
0	-1.09763894311546	0.198	0.443	0	19	SOX2
0	-1.14631895781078	0.068	0.213	0	19	TIMP1
0	-1.17545334383746	0.067	0.253	0	19	TCF4
0	-1.29388531949023	0.062	0.204	0	19	MX1
0	-1.48139233606611	0.073	0.275	0	19	HIF1A
0	-1.50027195636641	0.531	0.779	0	19	GAPDH
0	-1.56866139160511	0.138	0.373	0	19	FN1
0	-1.79928143116999	0.045	0.246	0	19	RHOB
0	-1.85478061712107	0.112	0.401	0	19	IGFBP2
0	-1.93635108343785	0.139	0.459	0	19	PTN
0	-2.17479565461397	0.038	0.25	0	19	CD44
0	-2.17580766151701	0.051	0.261	0	19	SPP1
0	6.08597122521679	0.298	0.01	0	11	MZB1
0	5.54980072137757	0.228	0.011	0	11	TENT5C
0.0000000000000633135656478533	0.764201660318562	0.2	0.202	0.0000000000301372572483782	11	THAP2
0.00000000809596603592514	0.709446577527564	0.243	0.299	0.00000385367983310037	11	CD74
0	-0.509286482758979	0.067	0.215	0	11	MIF
0	-0.517765533030092	0.298	0.461	0	11	MDM2
0	-0.557646127097648	0.167	0.42	0	11	LDHA
0	-0.629989902164186	0.099	0.326	0	11	STAT3
0	-0.635046743934547	0.19	0.445	0	11	SOX2
0	-0.635718161471207	0.104	0.32	0	11	DST
0	-0.64447748217499	0.074	0.254	0	11	TCF4
0	-0.654683628776636	0.519	0.781	0	11	GAPDH
0	-0.689833751353295	0.172	0.372	0	11	FN1
0	-0.718598954786581	0.069	0.214	0	11	MEST
0	-0.971395607145229	0.056	0.254	0	11	CD47
0	-0.998677905513668	0.183	0.458	0	11	PTN
0	-1.03307972718107	0.147	0.401	0	11	IGFBP2
0	-1.04422198627011	0.083	0.26	0	11	SPP1
0	-1.0818657393125	0.074	0.291	0	11	VCAN
0	-1.1883039961611	0.07	0.249	0	11	CD44
0	-1.37365563533815	0.11	0.308	0	11	GFAP
0	-1.44157462958005	0.05	0.263	0	11	PDPN
0	-1.54956340588972	0.041	0.206	0	11	MX1
0	-1.64304597179447	0.041	0.247	0	11	RHOB
0	-1.66058564357294	0.043	0.22	0	11	TGFBI
0	-2.02253179135957	0.197	0.566	0	11	VEGFA
0	-2.25051333439103	0.044	0.227	0	11	IGFBP3
0	-2.84024936544634	0.019	0.203	0	11	EGFR
0	1.35814090931174	0.287	0.198	0	18	THAP2
0.000000000000000000000000000000000000000000000000000000000000000000000000000000000000000000000000000000000000000000000000000000000000000000000000000000000000000000000000000000000000000000000000000000000000000000000000000000000000000000000000000000000000000000000000702341461137862	0.682413253903219	0.556	0.594	0.000000000000000000000000000000000000000000000000000000000000000000000000000000000000000000000000000000000000000000000000000000000000000000000000000000000000000000000000000000000000000000000000000000000000000000000000000000000000000000000000000000000000000000000334314535501623	18	IFI6
0	-0.525284606798093	0.088	0.318	0	18	DST
0	-0.616752585482855	0.063	0.213	0	18	MEST
0	-0.67287396176744	0.101	0.364	0	18	PGK1
0	-0.680355882051378	0.101	0.329	0	18	ITGB1
0	-0.718527243541532	0.148	0.444	0	18	SOX2
0	-0.74647126188851	0.072	0.325	0	18	STAT3
0	-0.757564276047983	0.084	0.353	0	18	CTSB
0	-0.758010696766052	0.118	0.419	0	18	LDHA
0	-0.784496283464606	0.146	0.494	0	18	CD63
0	-0.788680945222735	0.071	0.286	0	18	CDH2
0	-0.793858304321144	0.048	0.252	0	18	CD47
0	-0.808616239361385	0.052	0.253	0	18	TCF4
0	-0.848258530472924	0.041	0.205	0	18	CAVIN1
0	-0.860255297166062	0.08	0.279	0	18	TNC
0	-0.866844379161465	0.074	0.334	0	18	P4HB
0	-0.877214179067786	0.132	0.468	0	18	ENO1
0	-0.898077279153257	0.061	0.275	0	18	HIF1A
0	-0.993478719886627	0.056	0.26	0	18	PDPN
0	-1.02307411868737	0.428	0.782	0	18	GAPDH
0	-1.0938031523447	0.144	0.456	0	18	PTN
0	-1.10852525930212	0.062	0.289	0	18	VCAN
0	-1.13120990722318	0.068	0.259	0	18	SPP1
0	-1.14459610843001	0.04	0.213	0	18	TIMP1
0	-1.14962518728599	0.031	0.215	0	18	MIF
0	-1.18299903260195	0.121	0.372	0	18	FN1
0	-1.20942575434808	0.101	0.306	0	18	GFAP
0	-1.2273722778513	0.053	0.248	0	18	CD44
0	-1.27619368735129	0.104	0.4	0	18	IGFBP2
0	4.4732337642635	0.292	0.032	0	24	CXCL8
0	4.42269521029512	0.233	0.022	0	24	CXCL6
0.000000000000000000286939120374155	1.2471711794382	0.228	0.217	0.000000000000000136583021298098	24	IGFBP3
0.00000000636717761051652	0.881104162883728	0.192	0.251	0.00000303077654260586	24	SPP1
0.0000000000000000000000000000000000000000000000000000000000000000000000000000000000000000000000000000000000000000000000000000000000000000000000000000000000000000000000000000000000000000000000000000000000000000000000000000000000000000000000000000000000000000000000000000000000360003667581469	-0.500467766636262	0.056	0.231	0.0000000000000000000000000000000000000000000000000000000000000000000000000000000000000000000000000000000000000000000000000000000000000000000000000000000000000000000000000000000000000000000000000000000000000000000000000000000000000000000000000000000000000000000000000000000171361745768779	24	TP53
0.000000000000000000000000000000000000000000000000000000000000000000000000000000000000000000000000000000000000000000000000000000000000000000000000000000000000000000000000000000000000000000000000000000000000000000000000000000000000000000000000000000000000000000000000017487819719658	-0.622177077952738	0.046	0.209	0.0000000000000000000000000000000000000000000000000000000000000000000000000000000000000000000000000000000000000000000000000000000000000000000000000000000000000000000000000000000000000000000000000000000000000000000000000000000000000000000000000000000000000000000000083242021865572	24	MIF
0.000000000000000000000000000000000000000000000000000000000000000000000000000000000000000000000000000000000000000000000000000000000000000000000000000000000000000000000000000000000000000000000000000000000000000000000000000000000000234980767637143	-0.626161153682003	0.056	0.209	0.00000000000000000000000000000000000000000000000000000000000000000000000000000000000000000000000000000000000000000000000000000000000000000000000000000000000000000000000000000000000000000000000000000000000000000000000000000000011185084539528	24	MEST
0	-0.705113778406504	0.142	0.435	0	24	SOX2
0	-0.733631964661339	0.071	0.312	0	24	DST
0	-0.751371327192162	0.069	0.283	0	24	VCAN
0.00000000000000000000000000000000000000000000000000000000000000000000000000000000000000000000000000000000000000000000000000000000000000000000000000000000000000000000000000000000000000000000000000000000000000000000000000000000000000000000000000000000000000000000000000000000000000000000000000000000000330284832725435	-0.764899044511108	0.055	0.238	0.00000000000000000000000000000000000000000000000000000000000000000000000000000000000000000000000000000000000000000000000000000000000000000000000000000000000000000000000000000000000000000000000000000000000000000000000000000000000000000000000000000000000000000000000000000000000000000000000000000000157215580377307	24	RHOB
0.00000000000000000000000000000000000000000000000000000000000000000000000000000000000000000000000000000000000000000000000000000000000000000000000000000000000000000000000000000000000000000000000000000000000000000000000000000000000000000000000707954717538239	-0.841732011778989	0.056	0.213	0.00000000000000000000000000000000000000000000000000000000000000000000000000000000000000000000000000000000000000000000000000000000000000000000000000000000000000000000000000000000000000000000000000000000000000000000000000000000000000000000336986445548202	24	TGFBI
0	-0.915494297135649	0.042	0.247	0	24	TCF4
0	-1.0240936061448	0.04	0.246	0	24	CD47
0	-1.0402478220263	0.136	0.447	0	24	PTN
0.000000000000000000000000000000000000000000000000000000000000000000000000000000000000000000000000000000000000000000000000000000000000000000000000000000000000000000000000000000000000000000000000000000000000000000000000000000000000000000000000000000000000000000000000000000000000000000000000000000448102778322976	-1.06634234920385	0.1	0.3	0.000000000000000000000000000000000000000000000000000000000000000000000000000000000000000000000000000000000000000000000000000000000000000000000000000000000000000000000000000000000000000000000000000000000000000000000000000000000000000000000000000000000000000000000000000000000000000000000000000213296922481736	24	GFAP
0	-1.10263616918736	0.118	0.335	0	24	CDK4
0	-1.128387787902	0.196	0.456	0	24	MDM2
0	3.38516910760243	0.668	0.17	0	22	THAP2
0	3.36250423556949	0.373	0.071	0	22	LYZ
0	1.29204010489247	0.711	0.435	0	22	MDM2
0	1.13683772435815	0.481	0.321	0	22	CDK4
0	0.66440211585631	0.566	0.594	0	22	IFI6
0	-0.567532709980075	0.081	0.249	0	22	PCNA
0	-0.877739214130339	0.071	0.324	0	22	DST
0	-0.924099732597857	0.038	0.204	0	22	ACTG2
0	-1.16080166787372	0.045	0.217	0	22	MEST
0	-1.1816297100913	0.04	0.257	0	22	CD47
0	-1.31226764717602	0.047	0.265	0	22	PDPN
0	-1.36411453334709	0.049	0.252	0	22	CD44
0	-1.39569563828869	0.081	0.428	0	22	LDHA
0	-1.48614421571275	0.033	0.242	0	22	TP53
0	-1.60701752928515	0.026	0.21	0	22	CAVIN1
0	-1.74606153883561	0.029	0.258	0	22	TCF4
0	-1.78666933390385	0.038	0.332	0	22	STAT3
0	-1.7914998900321	0.051	0.264	0	22	SPP1
0	-1.79626486789651	0.052	0.373	0	22	PGK1
0	-1.83065917034684	0.075	0.312	0	22	GFAP
0	-1.86071590208546	0.027	0.25	0	22	RHOB
0	-1.91401741104823	0.027	0.208	0	22	MX1
0	-1.9265342479729	0.042	0.361	0	22	CTSB
0	-1.95952310190591	0.032	0.229	0	22	HLA-DRA
0	-1.99640071172653	0.074	0.455	0	22	SOX2
0	-2.04870248314859	0.029	0.223	0	22	TGFBI
0	-2.12686393523621	0.031	0.293	0	22	CDH2
0	-2.16430208942682	0.071	0.381	0	22	FN1
0	-2.22977405191257	0.063	0.507	0	22	CD63
0	-2.27712269480677	0.056	0.48	0	22	ENO1
0	6.32907394567103	0.224	0.008	0	12	PCSK2
0	6.28500773102077	0.299	0.012	0	12	SNCA
0	6.0764725957663	0.245	0.013	0	12	SYN1
0.0000000000000000000000000000000000000000000000000000000000000000000277913574072161	1.01602392052732	0.239	0.201	0.0000000000000000000000000000000000000000000000000000000000000000132286861258349	12	THAP2
0.00000000000000000000000000000000000000000000000000000000000000000000000000000000000000000000000000000000000000000000000000000000000793562070710048	0.535886010988254	0.584	0.593	0.00000000000000000000000000000000000000000000000000000000000000000000000000000000000000000000000000000000000000000000000000000000377735545657983	12	IFI6
0.00000000000000000000000000000000000000000000000000000000000000000000000000000000000000000000000000000000000000000000000000000000000000000000000000000000000000000000000000000000000000000000000000000000000000000000000000000000000000000000000000000000000000000000000000000000000000000000000000000000000000000541693737238475	-0.530852706479225	0.1	0.255	0.00000000000000000000000000000000000000000000000000000000000000000000000000000000000000000000000000000000000000000000000000000000000000000000000000000000000000000000000000000000000000000000000000000000000000000000000000000000000000000000000000000000000000000000000000000000000000000000000000000000000000257846218925514	12	PDPN
0	-0.550064111086106	0.134	0.324	0	12	ITGB1
0	-0.564751795177993	0.131	0.3	0	12	CD74
0	-0.602447508728436	0.063	0.21	0	12	MIF
0	-0.61161487763563	0.106	0.319	0	12	STAT3
0	-0.613048919455543	0.203	0.486	0	12	CD63
0	-0.619470099787018	0.076	0.247	0	12	CD47
0	-0.656595024141991	0.108	0.284	0	12	VCAN
0	-0.662914553134785	0.108	0.328	0	12	P4HB
0	-0.696177221309542	0.18	0.392	0	12	IGFBP2
0.000000000000000000000000000000000000000000000000000000000000000000000000000000000000000000000000000000000000000000000000000000000000000000000000000000000000000000000000000000000000000000000000000000000000000000000000000000000000000000000337817031638452	-0.715168014449529	0.158	0.301	0.000000000000000000000000000000000000000000000000000000000000000000000000000000000000000000000000000000000000000000000000000000000000000000000000000000000000000000000000000000000000000000000000000000000000000000000000000000000000000000160800907059903	12	GFAP
0	-0.748871035859638	0.106	0.274	0	12	TNC
0	-0.79127218525089	0.057	0.202	0	12	CAVIN1
0	-0.871973828149837	0.074	0.24	0	12	RHOB
0	-1.02076340968172	0.057	0.209	0	12	TIMP1
0	-1.09228876827201	0.275	0.553	0	12	VEGFA
0	-1.14752384410127	0.071	0.244	0	12	CD44
0	-1.16077883784538	0.059	0.2	0	12	MX1
0	-1.49436298954304	0.131	0.367	0	12	FN1
0	-1.53519204879796	0.068	0.221	0	12	IGFBP3
0	-1.87408078398603	0.037	0.215	0	12	TGFBI
0	4.91280031867278	0.494	0.043	0	8	ACTA2
0	4.62984341618969	0.556	0.05	0	8	PDGFRB
0	3.01260455611061	0.491	0.14	0	8	THY1
0	3.00770997278376	0.802	0.35	0	8	FN1
0	2.82518103755222	0.208	0.054	0	8	CXCL9
0	2.60820742026165	0.368	0.081	0	8	MYLK
0	2.19202988707921	0.203	0.035	0	8	ITGA4
0	2.11499147177151	0.268	0.069	0	8	APOLD1
0	2.03013503547362	0.438	0.155	0	8	COL5A2
0	1.87594270931056	0.204	0.045	0	8	ANGPT2
0	1.86202435262385	0.265	0.067	0	8	TFPI
0	1.78537772074184	0.422	0.2	0	8	TIMP1
0	1.66187302944458	0.592	0.148	0	8	COL1A1
0	1.63784920057554	0.62	0.311	0	8	ITGB1
0	1.5618181635555	0.324	0.12	0	8	FBN1
0	1.09816132181601	0.235	0.121	0	8	TGFB1
0.000000000000000000000000000000000000000000000000000000000000000000000000000000000000000000000000000000000000000000000000000000000000000000000000000000000000000000000000000000000000000000000000000000000000000000000000000000000000000000000000000000000000000000000000000000000000000602984991336546	0.97836795671988	0.311	0.195	0.000000000000000000000000000000000000000000000000000000000000000000000000000000000000000000000000000000000000000000000000000000000000000000000000000000000000000000000000000000000000000000000000000000000000000000000000000000000000000000000000000000000000000000000000000000000000287020855876196	8	CAVIN1
0.000000000000000000000000000000000000000000000000000000000000000000000000000000000000000000000000000000000000000000000000000000000000000000000000000000000000000000000000000000000000000000000000000000000000000000000000000000000000000000000000000000000000000000000000000000000000000000000000000000652839793083332	0.975968641008111	0.281	0.167	0.000000000000000000000000000000000000000000000000000000000000000000000000000000000000000000000000000000000000000000000000000000000000000000000000000000000000000000000000000000000000000000000000000000000000000000000000000000000000000000000000000000000000000000000000000000000000000000000000000310751741507666	8	JAK1
0	0.878142414494407	0.285	0.163	0	8	NRP1
0.000000000000000000000000000000000000000000000000000000000000000000000000000000000000000000000000000000000000000000000000000000000000000000000000000000000000000000000000000000000000000000000000000000000000000000000000000000000000000000000000000000000000000000000000000000000000000620210447194016	0.780965251458851	0.333	0.207	0.000000000000000000000000000000000000000000000000000000000000000000000000000000000000000000000000000000000000000000000000000000000000000000000000000000000000000000000000000000000000000000000000000000000000000000000000000000000000000000000000000000000000000000000000000000000000295220172864352	8	TGFBI
0.0000000000000000000000000000000000000000000000000000000490187842572858	0.665125857801646	0.239	0.192	0.0000000000000000000000000000000000000000000000000000233329413064681	8	ACTG2
0.0000000000000000000000000000000521153893771817	-0.512603922158636	0.189	0.229	0.0000000000000000000000000000248069253435385	8	TP53
0.00000000000000000000000000000000000000000000000000000000000000000378542080456393	-0.669330874416581	0.185	0.245	0.00000000000000000000000000000000000000000000000000000000000000180186030297243	8	TCF4
0	-0.709254248073887	0.458	0.596	0	8	IFI6
0.0000000000000000000000000000000000000000000000000000000000000000000000000000000000000000000000000000000000000000000000000000000000000000000000000000000000000000000000000000000000000000000000000000000000000000000000000000000000000000000181106910949993	-0.787958988929094	0.28	0.409	0.00000000000000000000000000000000000000000000000000000000000000000000000000000000000000000000000000000000000000000000000000000000000000000000000000000000000000000000000000000000000000000000000000000000000000000000000000000000000000000862068896121966	8	LDHA
0.0000000000000000000000000000000000000000000000000000000000000000000000000000000000000000000000000000000000000000000000000000000000000000000000000000000000000000000000000000000000000000000000000488315683853911	-0.826229605510868	0.194	0.311	0.0000000000000000000000000000000000000000000000000000000000000000000000000000000000000000000000000000000000000000000000000000000000000000000000000000000000000000000000000000000000000000000000232438265514462	8	DST
0.0000000000000000000000000000000000000000000255030874903781	-0.827975792595408	0.416	0.453	0.00000000000000000000000000000000000000001213946964542	8	MDM2
0.000000000000000000000000000000000000000000000000000000000000000000000000000000000000000000000000000230593406406244	-0.834147919538041	0.165	0.24	0.000000000000000000000000000000000000000000000000000000000000000000000000000000000000000000000000109762461449372	8	PCNA
0.000000000000000000000000000000000000000000000000000000000000000000000000000000000000000000000000000000000000000000000000000000000000000000000000000000000000000809425092760561	-0.86376841694136	0.145	0.245	0.000000000000000000000000000000000000000000000000000000000000000000000000000000000000000000000000000000000000000000000000000000000000000000000000000000000000385286344154027	8	CD47
0.000000000000000000000000000000000000000000000000000000000000000000000000000000000000000000000000000000000000000000000000000000000000000000000000000000000000000000000000000000000013263146995137	-0.909932017186651	0.101	0.204	0.00000000000000000000000000000000000000000000000000000000000000000000000000000000000000000000000000000000000000000000000000000000000000000000000000000000000000000000000000000000631325796968521	8	THAP2
0.000000000000207944654873211	0.891505610523061	0.213	0.274	0.0000000000989816557196485	21	TNC
0.00000000000000000000000000000000000000000000000000000000000000000000000000000000000000000000000000000000000000000000000000000000000000000000000000000000000000000000000000000000000000000000000000000000000000000000000000000000000000000000000000000000000000000000000341456589100944	0.816656103455392	0.217	0.155	0.00000000000000000000000000000000000000000000000000000000000000000000000000000000000000000000000000000000000000000000000000000000000000000000000000000000000000000000000000000000000000000000000000000000000000000000000000000000000000000000000000000000000000000000162533336412049	21	COL1A1
0.00000000000000000000000000000000000000000000000000000000000000000000000000000000000000000000000000000000000000000000000000000000000000000000000000000000509574927392165	0.629218478005924	0.205	0.326	0.00000000000000000000000000000000000000000000000000000000000000000000000000000000000000000000000000000000000000000000000000000000000000000000000000000242557665438671	21	ITGB1
0.00000000000000000000000000000000000000000000000000000000000000000000000000000000000000000000000000000000000000000000000000000000000000000000000000000000000000000000000000000000000000000000000000000000000000000000000000000000000000000675065109525907	0.570734058495309	0.117	0.212	0.00000000000000000000000000000000000000000000000000000000000000000000000000000000000000000000000000000000000000000000000000000000000000000000000000000000000000000000000000000000000000000000000000000000000000000000000000000000000000321330992134332	21	MEST
0	0.55343443405907	0.135	0.274	0	21	HIF1A
0.000000000000000000000000000000000000000000000000000000000000000000000000000000000000000000000000000000000000000000000000000000000000000000000000000000000000000000000000000000000000000000000000000000000000000000000000000000000000000000000000000000000000000000000000000000237110922151583	0.511870034010238	0.134	0.245	0.000000000000000000000000000000000000000000000000000000000000000000000000000000000000000000000000000000000000000000000000000000000000000000000000000000000000000000000000000000000000000000000000000000000000000000000000000000000000000000000000000000000000000000000000000112864798944154	21	PCNA
0	-0.811900771558408	0.058	0.202	0	21	EGFR
0	-0.869427441081881	0.057	0.264	0	21	PDPN
0	-0.874636647052939	0.049	0.206	0	21	MX1
0	-1.0550625825453	0.076	0.226	0	21	IGFBP3
0	-1.67650854242662	0.096	0.347	0	21	CDK4
0	-2.1786769943676	0.135	0.473	0	21	MDM2
0	-2.54690029113998	0.031	0.213	0	21	THAP2
0	3.00344679643968	0.298	0.103	0	23	MKI67
0	2.98112158319034	0.273	0.096	0	23	TOP2A
0	2.9039893477951	0.244	0.091	0	23	CENPF
0	2.8728560001636	0.204	0.08	0	23	CDK1
0.00261844099986853	0.998624270960339	0.194	0.24	1	23	PCNA
0.000131452595454344	0.892248974516246	0.217	0.272	0.0625714354362678	23	TNC
0.0000000000000000000000000000000898367893617653	0.748238587472801	0.225	0.322	0.0000000000000000000000000000427623117362003	23	ITGB1
0.00000000000000000000000000000000000000000000000000000000000000000000000000000000000000000000000000000000000000000232879311817638	0.701214561078833	0.156	0.269	0.00000000000000000000000000000000000000000000000000000000000000000000000000000000000000000000000000000000000000110850552425196	23	HIF1A
0.000000000000000000000000000000000000000000000000000000000000000000000000000000000000000000000000000000000000000127765766551206	0.637957278113403	0.164	0.281	0.0000000000000000000000000000000000000000000000000000000000000000000000000000000000000000000000000000000000000608165048783742	23	CDH2
0.00000000000000000000000000000000000156496900506344	0.539486280703898	0.294	0.435	0.000000000000000000000000000000000744925246410195	23	SOX2
0.0000000000000000000000000000000000000000000000000000000000000000000000000000000000000000000000000000000000000000000000000000000000000000000000000000000000000000000000000000000000000000000000000000000000000000000000000000000000000000000000000342945596580118	0.504099446395585	0.103	0.233	0.0000000000000000000000000000000000000000000000000000000000000000000000000000000000000000000000000000000000000000000000000000000000000000000000000000000000000000000000000000000000000000000000000000000000000000000000000000000000000000000000163242103972136	23	TP53
0	-0.603635376431545	0.135	0.303	0	23	GFAP
0	-0.705573284963921	0.049	0.249	0	23	CD47
0	-1.08588665808566	0.049	0.258	0	23	PDPN
0	-1.10056604351488	0.066	0.256	0	23	SPP1
0	-1.25021638776021	0.037	0.242	0	23	RHOB
0	-1.27620895679111	0.118	0.369	0	23	FN1
0	-1.30638159507353	0.122	0.338	0	23	CDK4
0	-1.36092099753435	0.242	0.556	0	23	VEGFA
0	-1.4889423792571	0.041	0.246	0	23	CD44
0	-1.65599755861879	0.03	0.216	0	23	TGFBI
0	-1.70328577609028	0.027	0.202	0	23	MX1
0	-2.19917686080001	0.034	0.223	0	23	IGFBP3
0	-2.20087030322414	0.13	0.463	0	23	MDM2
0	-2.72937648174918	0.027	0.207	0	23	THAP2
0	7.1255138475232	0.407	0.006	0	6	OPALIN
0	5.67221228274752	0.609	0.039	0	6	PTGDS
0	3.78176408205545	0.439	0.075	0	6	FGFR2
0	3.44128643004427	0.319	0.037	0	6	PDK4
0	3.05953207665915	0.327	0.068	0	6	RNASE1
0	2.97444103168842	0.24	0.038	0	6	S100A1
0	2.25021217600476	0.571	0.246	0	6	SPP1
0	1.72495450420297	0.257	0.086	0	6	MYLK
0	1.58271407662835	0.341	0.128	0	6	PTPRD
0.00000000000000000000000000000000000000000000000000000000000000000000000000000000000000000000000000000000000000000000000000000000000000000000000000000000000000000000000000000000000000000000000000000000000000000000090759417369801	1.37259392904617	0.311	0.183	0.000000000000000000000000000000000000000000000000000000000000000000000000000000000000000000000000000000000000000000000000000000000000000000000000000000000000000000000000000000000000000000000000000000000000000000432014826680253	6	PMP22
0	1.27061829640574	0.474	0.306	0	6	DST
0.0000000000000000000000000000000000000000000000000000000000000000000000000000000000000000000000000000000000000000000000000000000000000000000000000000000000000000000000000000000000000000000000000000000000000000000000000000000000000000000000000000000000000000000000108647781473049	1.25991697428638	0.23	0.103	0.00000000000000000000000000000000000000000000000000000000000000000000000000000000000000000000000000000000000000000000000000000000000000000000000000000000000000000000000000000000000000000000000000000000000000000000000000000000000000000000000000000000000000000000517163439811712	6	GATM
0.00000000000000000000000000000000000000000000000000000000000000000000000000000000000000000000000000000000000000000000000000000000000000000000000000000000000000000000000000000000000000000000000000000723699880604023	1.24144250646723	0.367	0.241	0.00000000000000000000000000000000000000000000000000000000000000000000000000000000000000000000000000000000000000000000000000000000000000000000000000000000000000000000000000000000000000000000000000344481143167515	6	CD47
0.0000000000000000000000000000000000000000000000000000000000000000000000000000000000000000000000000000000000000000000000000000000000000000000000000000000000000000000000000000000000000000000000000000000000000000000000000000000000000000000000000000000000000000000000000000000000000000000894526430792259	1.182785541067	0.268	0.125	0.0000000000000000000000000000000000000000000000000000000000000000000000000000000000000000000000000000000000000000000000000000000000000000000000000000000000000000000000000000000000000000000000000000000000000000000000000000000000000000000000000000000000000000000000000000000000000000425794581057115	6	PROX1
0.00000000000000000000000000000000000000000000000000000000000000000000000000000000000000000000000000000000000000000000000000000000000000000000000000000000000000000000000000529584982710942	1.06612110051529	0.357	0.234	0.00000000000000000000000000000000000000000000000000000000000000000000000000000000000000000000000000000000000000000000000000000000000000000000000000000000000000000000000252082451770408	6	RHOB
0.00000000000000000000000000000000000000000000000000000000000000000000000000000000000000000000000000000000000000114635186017079	0.939655035499814	0.264	0.168	0.000000000000000000000000000000000000000000000000000000000000000000000000000000000000000000000000000000000000545663485441297	6	APOE
0.00000000000000000000000000000000000000000000000000000000000000000000000000000000000000000000000000000000000000000000000000000000000000000000000000000000000000000000000000000000000000000000000000000000000115278927652711	0.870888505667208	0.21	0.097	0.000000000000000000000000000000000000000000000000000000000000000000000000000000000000000000000000000000000000000000000000000000000000000000000000000000000000000000000000000000000000000000000000000000000548727695626903	6	OLIG1
0.000000000000000000000000000000000000000000000000000000000000000000000000000000000000000000000000000000000000000000000000000000000000000000000000000000000000000000000000000000000000000000000000000000000000000000000000000000000000000000000000000109764747009109	0.852254563748024	0.474	0.295	0.0000000000000000000000000000000000000000000000000000000000000000000000000000000000000000000000000000000000000000000000000000000000000000000000000000000000000000000000000000000000000000000000000000000000000000000000000000000000000000000000000522480195763358	6	GFAP
0.000000000000000000000149283557166421	0.764133842925445	0.216	0.181	0.0000000000000000000710589732112165	6	ISG15
0.0000000000000000000000000000000000000000000000000000000000000000000000000000000000000000000000000000000000000000000000000000000000000000000000000000000000000000000000000000000000199786315598007	0.676483199795095	0.257	0.134	0.00000000000000000000000000000000000000000000000000000000000000000000000000000000000000000000000000000000000000000000000000000000000000000000000000000000000000000000000000000000950982862246511	6	OLIG2
0.000000000000000000000000000000000000000000000000000000000000000000000000000000000000000000000000000000310092310718968	0.608113940353796	0.402	0.294	0.000000000000000000000000000000000000000000000000000000000000000000000000000000000000000000000000000147603939902229	6	CD74
0.0000000000000000000000000301041059019876	0.602366600787186	0.238	0.196	0.0000000000000000000000143295544093461	6	MX1
0.0000000000000000000000000125670621606996	0.527518364351117	0.225	0.182	0.00000000000000000000000598192158849299	6	BNIP3L
0.0000000000000000000000000000000000000000000000000000000000000000000000000000618339765808409	-0.562169359388411	0.127	0.23	0.0000000000000000000000000000000000000000000000000000000000000000000000000294329728524803	6	TP53
0.000000000000000000000000000000000000000000000000000000000000000000000000000000000000000000000000000000000208857598964244	-0.583997045757185	0.267	0.407	0.00000000000000000000000000000000000000000000000000000000000000000000000000000000000000000000000000000009941621710698	6	LDHA
0.0000000000000000000000000000000000000000000000000226630219049278	-0.660952219258421	0.129	0.206	0.0000000000000000000000000000000000000000000000107875984267456	6	TIMP1
0.0000000000000000000000000000000000000000000000000000000000000000000000000000000000000000000000000000000000125637009202777	-0.66654285388884	0.192	0.324	0.00000000000000000000000000000000000000000000000000000000000000000000000000000000000000000000000000000000598032163805219	6	P4HB
0.00000000000000000000000000000000000000000000000000000000000000000000000000000000000000000000113657274923585	-0.769510941601671	0.156	0.271	0.000000000000000000000000000000000000000000000000000000000000000000000000000000000000000000541008628636264	6	TNC
0.00000000000000000000000000000000000000000000000000000000000000000000000000000000000000000000000000335483044596375	-0.821348074998202	0.136	0.252	0.00000000000000000000000000000000000000000000000000000000000000000000000000000000000000000000000159689929227874	6	PDPN
0.0000000000000000000000000000000000000000000000000000000000000000000000000000000000000000000000000000000000000000000000000000000000000000000000000000000000000000000000000000000000000135032058156991	-1.08580117762246	0.116	0.281	0.00000000000000000000000000000000000000000000000000000000000000000000000000000000000000000000000000000000000000000000000000000000000000000000000000000000000000000000000000000000000642752596827279	6	VCAN
0	2.41154174399374	0.779	0.275	0	5	GFAP
0	2.04362791470465	0.472	0.184	0	5	MX1
0	1.96448979424313	0.421	0.157	0	5	APOE
0	1.94924932763849	0.557	0.225	0	5	CD44
0	1.93266178118366	0.295	0.119	0	5	EDNRB
0	1.85470862511608	0.541	0.237	0	5	SPP1
0	1.76709257477083	0.383	0.174	0	5	C1QB
0	1.66778218136363	0.34	0.174	0	5	ISG15
0	1.60712411993179	0.643	0.28	0	5	CD74
0	1.59716698335743	0.474	0.205	0	5	HLA-DRA
0	1.53743207714935	0.417	0.183	0	5	EGFR
0	1.29658142845933	0.278	0.167	0	5	GPC1
0	1.27819236807497	0.231	0.124	0	5	TIMP4
0	1.1630735555576	0.365	0.23	0	5	RHOB
0	0.826664832878738	0.401	0.304	0	5	DST
0	0.826202577349398	0.63	0.422	0	5	SOX2
0	0.759801167918477	0.64	0.433	0	5	PTN
0.000000000000000000000000000000000000000000000000000000000000000000000000000000000000000000000000000000000000000000000000000000000000000000000000000000000686253455909788	0.70722915482368	0.2	0.147	0.000000000000000000000000000000000000000000000000000000000000000000000000000000000000000000000000000000000000000000000000000000000000000000000000000000326656645013059	5	THY1
0.0000000000000000000000000000000000000000000000000000000000000000000000000000740291964590341	0.706032405286599	0.216	0.184	0.0000000000000000000000000000000000000000000000000000000000000000000000000352378975145002	5	PMP22
0	0.687123633879922	0.765	0.585	0	5	IFI6
0.00000000000000000000000000000000000000000000000000000000000000000000000000000000000000000000000000000000000000000000000000000000000000000000000000000000000000000000000000000000000000000000000000000000000000000000000000000000000000000000000000000000000000000000000000000000000000000000000000000000000000000264346736495744	0.668666335653036	0.365	0.275	0.00000000000000000000000000000000000000000000000000000000000000000000000000000000000000000000000000000000000000000000000000000000000000000000000000000000000000000000000000000000000000000000000000000000000000000000000000000000000000000000000000000000000000000000000000000000000000000000000000000000000000125829046571974	5	VCAN
0.0000000000000000000000000000000000000000000000000000000000000000000000000000000000000177365842010102	0.52727052240131	0.276	0.242	0.00000000000000000000000000000000000000000000000000000000000000000000000000000000000844261407968086	5	TCF4
0.00000000000000000000000000000000000000000000000000000000000000000000000000000000000000000000000000000000000000000000000000000000000000000497630143958564	-0.537498260248659	0.315	0.39	0.00000000000000000000000000000000000000000000000000000000000000000000000000000000000000000000000000000000000000000000000000000000000000236871948524276	5	IGFBP2
0.0000000000000000000000000000000000000000000000000000000000000000000000000000000000000000000000000000000000000000000000000000000000000000000000000000000000000000000000000000000000248237698630932	-0.790310655424645	0.126	0.209	0.0000000000000000000000000000000000000000000000000000000000000000000000000000000000000000000000000000000000000000000000000000000000000000000000000000000000000000000000000000000118161144548324	5	TIMP1
0	-0.825152555429817	0.18	0.329	0	5	P4HB
0.00000000000000000000000000000000000000000000000000000707955924221443	-0.930127744275428	0.33	0.363	0.00000000000000000000000000000000000000000000000000336987019929407	5	FN1
0	-1.14286774637978	0.124	0.244	0	5	PCNA
0.000000000000000000000000000000000000000000000000000000000000000000000000000000000000000000000000000000000000000000000000000000000000000000000000000000000000000000000000000000000000000000000000000000000000000000000000000000000000329572471840284	-1.25009641366606	0.133	0.221	0.000000000000000000000000000000000000000000000000000000000000000000000000000000000000000000000000000000000000000000000000000000000000000000000000000000000000000000000000000000000000000000000000000000000000000000000000000000000156876496595975	5	IGFBP3
0	-1.37215224079939	0.164	0.326	0	5	ITGB1
0	-2.74348961759541	0.249	0.461	0	5	MDM2
0	4.86718996915295	0.944	0.125	0	1	COL1A1
0	2.9400208816407	0.812	0.184	0	1	TGFBI
0	2.69037947016178	0.706	0.138	0	1	COL5A2
0	2.5806703461296	0.44	0.07	0	1	PCOLCE
0	2.53564275207803	0.23	0.022	0	1	FBLN1
0	2.48719821012116	0.302	0.043	0	1	APCDD1
0	2.38139931693232	0.457	0.075	0	1	CTSK
0	2.02832151290739	0.933	0.336	0	1	FN1
0	2.01027068755157	0.235	0.041	0	1	THBS2
0	1.84903735798742	0.342	0.05	0	1	PDGFRB
0	1.7429639111878	0.733	0.259	0	1	VCAN
0	1.50615423594924	0.324	0.075	0	1	CAV1
0	1.31966492653546	0.686	0.252	0	1	TNC
0	1.27217580475269	0.567	0.177	0	1	EGFR
0	1.20955791062474	0.512	0.193	0	1	MEST
0	1.19046724695996	0.293	0.08	0	1	VCAM1
0	1.06050509080679	0.358	0.113	0	1	TGFB1
0	0.949583246893616	0.392	0.113	0	1	FBN1
0	0.872575678120233	0.676	0.307	0	1	P4HB
0	0.867701148175416	0.412	0.137	0	1	THY1
0	0.861444816810542	0.282	0.087	0	1	IL1R1
0	0.848929367674653	0.244	0.081	0	1	ITGA5
0	0.725591486238822	0.279	0.113	0	1	ICAM1
0	0.559604583774225	0.436	0.188	0	1	CAVIN1
0.000000000000000000000000000000000002747384525904	-0.514093619501103	0.216	0.169	0.00000000000000000000000000000000130775503433031	1	GPC1
0.0000000965751224864984	-0.53401843369617	0.32	0.275	0.0000459697583035732	1	CDH2
0.000000000000000000000000000000000000000000000000000000000000000101943315557623	-0.554025323556387	0.252	0.19	0.0000000000000000000000000000000000000000000000000000000000000485250182054285	1	ACTG2
0.00000000000000000000000000000000000000000000000000000694820103738274	-0.570440320735592	0.254	0.194	0.00000000000000000000000000000000000000000000000000330734369379419	1	MX1
0.0000000000000000000000868387348277727	-0.600184226711276	0.441	0.349	0.0000000000000000000413352377780198	1	PGK1
0.00000000000000000000236381974357017	-0.702811367627863	0.275	0.226	0.0000000000000000011251781979394	1	TP53
0	3.97857839097076	0.463	0.04	0	10	LIF
0	3.97553976023723	0.638	0.081	0	10	CCL2
0	3.91800521661266	0.328	0.02	0	10	CXCL6
0	3.91245576000919	0.446	0.028	0	10	CXCL8
0	3.47062788896679	0.898	0.204	0	10	IGFBP3
0	3.12211390336526	0.301	0.033	0	10	CXCL2
0	2.9347424138721	0.379	0.058	0	10	CFB
0	2.09605406775822	0.395	0.115	0	10	ICAM1
0	2.04377338588849	0.377	0.08	0	10	CAV1
0	2.02455185326331	0.755	0.241	0	10	PDPN
0	1.89369237066515	0.2	0.022	0	10	C5orf46
0	1.79001243060618	0.304	0.085	0	10	VCAM1
0	1.65776369280764	0.503	0.162	0	10	APOE
0	1.56291792761034	0.531	0.175	0	10	SLC2A1
0	1.5253542469792	0.538	0.199	0	10	TIMP1
0	1.39907919907151	0.235	0.071	0	10	ITGA3
0	1.35200612941848	0.878	0.351	0	10	FN1
0	1.29812619732941	0.625	0.243	0	10	SPP1
0	1.29324711083966	0.292	0.092	0	10	IL1R1
0	1.29180390267321	0.254	0.085	0	10	ITGA5
0	1.28437435932174	0.41	0.169	0	10	TCIM
0	1.23931647225334	0.693	0.262	0	10	TNC
0	1.23808367661254	0.844	0.378	0	10	IGFBP2
0	1.18650559346815	0.922	0.538	0	10	VEGFA
0	1.01176781173085	0.609	0.232	0	10	CD44
0	0.985635147794166	0.233	0.081	0	10	RGS16
0	0.849175278462655	0.224	0.093	0	10	GLIPR1
0	0.698943865290653	0.731	0.4	0	10	LDHA
0	0.578156703868195	0.359	0.182	0	10	PMP22
0	0.512620957978569	0.397	0.194	0	10	CAVIN1
0	2.81525044938467	0.771	0.17	0	2	EGFR
0	2.17799615467277	0.284	0.026	0	2	ASCL1
0	1.82190754944358	0.663	0.178	0	2	MX1
0	1.64701922571987	0.961	0.422	0	2	PTN
0	1.61376701944518	0.663	0.115	0	2	OLIG2
0	1.60711652585585	0.508	0.111	0	2	EDNRB
0	1.60502486498353	0.512	0.082	0	2	OLIG1
0	1.59368099287691	0.6	0.165	0	2	ISG15
0	1.38621649051233	0.717	0.225	0	2	TCF4
0	1.27910462291167	0.872	0.368	0	2	IGFBP2
0	1.1097903278501	0.782	0.257	0	2	CDH2
0	1.09430255528701	0.208	0.052	0	2	LPL
0	1.01770284096969	0.522	0.172	0	2	PMP22
0	1.00828283887571	0.419	0.117	0	2	TIMP4
0	0.983019836124316	0.495	0.13	0	2	SRPX
0	0.939333640323524	0.917	0.412	0	2	SOX2
0	0.926527457874683	0.473	0.16	0	2	GPC1
0	0.880990146416495	0.406	0.131	0	2	VEGFB
0	0.862838403129287	0.332	0.1	0	2	MKI67
0	0.834702568053254	0.214	0.061	0	2	C1QC
0	0.831982769856748	0.811	0.277	0	2	GFAP
0	0.82509911598219	0.262	0.088	0	2	SMYD2
0	0.817939878450159	0.337	0.095	0	2	GATM
0	0.815336865345689	0.232	0.059	0	2	MCF2L
0	0.761676946562434	0.582	0.192	0	2	MEST
0	0.722918009723672	0.453	0.16	0	2	NF1
0	0.699596681250758	0.582	0.215	0	2	TP53
0	0.672469898465724	0.615	0.237	0	2	PDPN
0	0.625803889375597	0.304	0.106	0	2	PDGFRA
0	0.615213439852377	0.484	0.171	0	2	C1QB
0	2.76091111256458	0.833	0.11	0	16	PTPRD
0	2.43604058681258	0.915	0.185	0	16	MEST
0	2.42416576539262	0.427	0.053	0	16	NPDC1
0	2.33808633944068	0.429	0.047	0	16	LPL
0	2.01287894787901	0.753	0.116	0	16	BASP1
0	1.90624997019577	0.751	0.176	0	16	EGFR
0	1.87789797429706	0.965	0.37	0	16	IGFBP2
0	1.66135183196273	0.248	0.036	0	16	STC2
0	1.54635873180549	0.932	0.534	0	16	VEGFA
0	1.4674032329297	0.315	0.044	0	16	FHL2
0	1.3228110640973	0.569	0.123	0	16	OLIG2
0	1.3121717848668	0.325	0.058	0	16	MCF2L
0	1.19230090377821	0.763	0.265	0	16	VCAN
0	1.1877644729884	0.472	0.116	0	16	EDNRB
0	1.12888072076519	0.803	0.261	0	16	CDH2
0	1.11321256807553	0.413	0.089	0	16	OLIG1
0	1.06494153793923	0.938	0.428	0	16	PTN
0	1.01318945943232	0.26	0.054	0	16	IL13RA2
0	0.934532335942917	0.461	0.12	0	16	TGFBR1
0	0.903251058545856	0.62	0.224	0	16	RHOB
0	0.87972805519284	0.876	0.392	0	16	LDHA
0	0.855101639417365	0.643	0.204	0	16	IGFBP3
0	0.802180466660559	0.998	0.759	0	16	GAPDH
0	0.785419108276568	0.597	0.195	0	16	MIF
0	0.765896704633378	0.93	0.416	0	16	SOX2
0	0.761340860168697	0.502	0.171	0	16	FGFR1
0	0.759238132724903	0.314	0.103	0	16	MKI67
0	0.751428537679723	0.419	0.133	0	16	VEGFB
0	0.718363189096513	0.461	0.14	0	16	THY1
0	0.668904936077491	0.623	0.233	0	16	TCF4
0	2.27243298252418	0.232	0.1	0	20	GATM
0	2.21778227620184	0.24	0.127	0	20	ALDOC
0	1.59333953381427	0.284	0.125	0	20	PTPRD
0	1.53634786736317	0.511	0.289	0	20	GFAP
0	1.45965512600023	0.806	0.536	0	20	VEGFA
0.0000000000000000000000000000000000000000000000000000000000000000000000000000000000000000000000000000000000000000000000000000000000000000000000105381358495274	1.45671582237718	0.231	0.183	0.00000000000000000000000000000000000000000000000000000000000000000000000000000000000000000000000000000000000000000000000000000000000000000000501615266437505	20	PMP22
0	1.42577251836837	0.71	0.433	0	20	PTN
0	1.42089135290108	0.334	0.232	0	20	RHOB
0	1.26924079536043	0.34	0.201	0	20	MEST
0	1.05897464648075	0.576	0.38	0	20	IGFBP2
0.0000000000000000000000000000000000000000000000000000000000000000000000000000000000000000000000000000000000000000000000000000000000000000000000000000000000000000000000000000000000000000000000000000000000000000000000000000000000000000000000000000000000000000000000000000000000000000000691383860102686	0.935397446549134	0.218	0.133	0.0000000000000000000000000000000000000000000000000000000000000000000000000000000000000000000000000000000000000000000000000000000000000000000000000000000000000000000000000000000000000000000000000000000000000000000000000000000000000000000000000000000000000000000000000000000000000000329098717408879	20	OLIG2
0	0.877541627134075	0.95	0.759	0	20	GAPDH
0.0000000000000000000000000000000000000000000000000000000000000000000000000000000000000000000000000000000000000000000000000000000000000000000000000000000000000000000000000000000000000000000000000000000000000000000000000000341176193691521	0.873422801103824	0.345	0.274	0.0000000000000000000000000000000000000000000000000000000000000000000000000000000000000000000000000000000000000000000000000000000000000000000000000000000000000000000000000000000000000000000000000000000000000000000000000162399868197164	20	CDH2
0	0.861611278843911	0.592	0.425	0	20	SOX2
0.0000000000000000000000000000000000000000000000000000000000000000000000000000000000000000000000000000000000000000000119789828612807	0.754676494756652	0.321	0.278	0.00000000000000000000000000000000000000000000000000000000000000000000000000000000000000000000000000000000000000000570199584196961	20	VCAN
0.000000000000000000000000000000000000000000000000000000000000000704740383553656	0.663841906913724	0.229	0.192	0.00000000000000000000000000000000000000000000000000000000000033545642257154	20	EGFR
0.000000000000000000000000000000000000000000000000000000000000000000000000000000000000000000000000000000000000000000000000000000000000000000000000000000000000000000000000000000000000000000000000553368793423255	0.626287673902022	0.453	0.404	0.000000000000000000000000000000000000000000000000000000000000000000000000000000000000000000000000000000000000000000000000000000000000000000000000000000000000000000000000000000000000000000000263403545669469	20	LDHA
0.000000000000000000000000000000000000000000000000000000000000000000000000000000000000000000000000000000000000000000000000000000000000000000000000000000000000000000000000000000000000000000000000000366997599101188	-0.548788495423535	0.104	0.2	0.000000000000000000000000000000000000000000000000000000000000000000000000000000000000000000000000000000000000000000000000000000000000000000000000000000000000000000000000000000000000000000000000174690857172166	20	MX1
0.0000000000000000000000265671284037532	-0.571167636169129	0.187	0.218	0.0000000000000000000126459531201865	20	IGFBP3
0.000000000286470721437899	-0.599567442535108	0.342	0.362	0.00000013636006340444	20	FN1
0.0000000000000000000000000000000000000000000000000000000000000000000000000000000000000000000000000000000000000000000000000000000000000000000000000000000000000000000000000000000000000000000000000000923116863484222	-0.67094047500896	0.167	0.274	0.000000000000000000000000000000000000000000000000000000000000000000000000000000000000000000000000000000000000000000000000000000000000000000000000000000000000000000000000000000000000000000000000043940362701849	20	TNC
0.0000000000000000000000000000000000000000000000000000000000000000000000000000000000000000000000000000000000000000000000000000000000000000000000000000000000000000000000000000000000000000000000000000000000000000000000912744694569766	-0.719811066643809	0.146	0.254	0.0000000000000000000000000000000000000000000000000000000000000000000000000000000000000000000000000000000000000000000000000000000000000000000000000000000000000000000000000000000000000000000000000000000000000000000434466474615208	20	SPP1
0.0000000000000000000000000000000000000000000000000000000000000000000000000000000000000000000000000000000000000000000000000000000000000000000000000000000000000000000000000000000000000000000000000000000000000000000000000000000000000000000000000000000000000000000000000000000000000000000000000000221638000452627	-0.763214008585904	0.121	0.243	0.0000000000000000000000000000000000000000000000000000000000000000000000000000000000000000000000000000000000000000000000000000000000000000000000000000000000000000000000000000000000000000000000000000000000000000000000000000000000000000000000000000000000000000000000000000000000000000000000000105499688215451	20	CD44
0	-0.833660159219988	0.078	0.202	0	20	CAVIN1
0.00000000000000000000000000000000000000000000000000000000000000000000000000000000000000000000000000000000000000000000000000000000000000000000000000000000000000000000000000000000000000000000000000000000000000000000000000000000000000000000000000000000000000000000000000000000000124537776541661	-0.893896991455827	0.096	0.209	0.000000000000000000000000000000000000000000000000000000000000000000000000000000000000000000000000000000000000000000000000000000000000000000000000000000000000000000000000000000000000000000000000000000000000000000000000000000000000000000000000000000000000000000000000000000000592799816338304	20	TIMP1
0	-1.49049830751702	0.128	0.326	0	20	ITGB1
0	-1.66074142454995	0.1	0.303	0	20	CD74
0	-1.99578615490572	0.053	0.216	0	20	TGFBI
0	-2.108828203885	0.045	0.223	0	20	HLA-DRA
0	-2.48316678463899	0.128	0.339	0	20	CDK4
0	3.60063635711509	0.668	0.115	0	4	OLIG2
0	3.47577957077275	0.255	0.022	0	4	KLRC1
0	3.41952129136575	0.523	0.082	0	4	OLIG1
0	2.67022125780136	0.428	0.101	0	4	PDGFRA
0	2.54911898683783	0.468	0.121	0	4	BASP1
0	2.15505842751036	0.345	0.118	0	4	PROX1
0	1.95259298384556	0.334	0.126	0	4	MYC
0	1.92852855605946	0.349	0.123	0	4	PTPRD
0	1.8155529015946	0.252	0.103	0	4	MKI67
0	1.7744022832303	0.233	0.096	0	4	TOP2A
0	1.74547489912956	0.481	0.229	0	4	PCNA
0	1.7400899191434	0.226	0.091	0	4	CENPF
0	1.60837026583017	0.387	0.199	0	4	MEST
0	1.51764914243939	0.703	0.42	0	4	SOX2
0	1.45916726338746	0.368	0.223	0	4	TP53
0	1.45509734495912	0.376	0.239	0	4	TCF4
0.000000000000000000000000000000000000000000000000000000000000000000000000000000000000000000000000000000000000000000000000000000000000000000000000000000000000000000000000000000000000000000000000000000000000000000000000000000000000000000000000000000000000000000000366726666813266	1.25282959989549	0.244	0.168	0.000000000000000000000000000000000000000000000000000000000000000000000000000000000000000000000000000000000000000000000000000000000000000000000000000000000000000000000000000000000000000000000000000000000000000000000000000000000000000000000000000000000000000000174561893403115	4	NF1
0	1.18666671633529	0.428	0.271	0	4	CDH2
0	1.06002158890696	0.38	0.275	0	4	VCAN
0	1.04504668013948	0.262	0.166	0	4	HK2
0	1.01997063256528	0.628	0.435	0	4	PTN
0.00000000000000000000000000000000000000000000000000000000000000000000000000000000667635854549517	0.756394537726538	0.221	0.181	0.0000000000000000000000000000000000000000000000000000000000000000000000000000031779466676557	4	BNIP3L
0.00000000000000000000000000000000000000000000000000000000000000000000000000000000000000000000000000000000000000000000000000000000000000000000000000000000000000000000000000000000000000000000000000000000000000000000000000498770496087428	0.747664542046716	0.337	0.262	0.00000000000000000000000000000000000000000000000000000000000000000000000000000000000000000000000000000000000000000000000000000000000000000000000000000000000000000000000000000000000000000000000000000000000000000000000237414756137616	4	HIF1A
0.0000000000000000000000000000000000000000000000000000000000000000000000000000000000000000000000000000000000000000000000000000000000000000000000000000282555228720979	0.669979626456403	0.393	0.351	0.0000000000000000000000000000000000000000000000000000000000000000000000000000000000000000000000000000000000000000000000000000000000000000000000000134496288871186	4	PGK1
0.000000000000000000000000000000000000000000000000000000000000000000000000000000371994305247873	0.666520837949747	0.334	0.307	0.000000000000000000000000000000000000000000000000000000000000000000000000000177069289297987	4	DST
0	0.655905223724528	0.515	0.451	0	4	ENO1
0.0000000000000000000000000000000000000000288696901663985	0.650788569027394	0.229	0.206	0.0000000000000000000000000000000000000137419725192057	4	MIF
0	-0.763056261938067	0.436	0.599	0	4	IFI6
0.000000000000000000000000000000000000000000000000000000000000000000000000000000000000000000000000000000000000000000000000000000000000000000000000000000000000000000000000000000000000000000000000000000000000000000000000000000000000000000000000000000000000000000000000000000000000000000000000000000000000000187530903343471	-0.903637229197746	0.136	0.256	0.0000000000000000000000000000000000000000000000000000000000000000000000000000000000000000000000000000000000000000000000000000000000000000000000000000000000000000000000000000000000000000000000000000000000000000000000000000000000000000000000000000000000000000000000000000000000000000000000000000000000000892647099914924	4	PDPN
0.0000000000000000000407749089344277	-0.978222729348996	0.329	0.332	0.0000000000000000194088566527876	4	CDK4
0	2.21037286088151	0.776	0.195	0	17	IGFBP3
0	2.11713554438519	0.714	0.16	0	17	SLC2A1
0	1.90720482983789	0.989	0.528	0	17	VEGFA
0	1.86057855321445	0.724	0.232	0	17	PDPN
0	1.5392943279011	0.226	0.048	0	17	TMEM100
0	1.3494075086249	0.523	0.171	0	17	PMP22
0	1.30585787779279	0.288	0.077	0	17	CAV1
0	1.28375957434904	0.607	0.22	0	17	RHOB
0	1.26398201916472	0.533	0.169	0	17	BNIP3L
0	1.18979483672243	0.636	0.235	0	17	SPP1
0	1.15895091607528	0.271	0.089	0	17	GLIPR1
0	1.05080470174734	0.801	0.334	0	17	PGK1
0	1.04660937561454	0.865	0.368	0	17	IGFBP2
0	1.02765911523482	0.999	0.757	0	17	GAPDH
0	0.895309159097125	0.855	0.388	0	17	LDHA
0	0.891775267934963	0.392	0.162	0	17	GPC1
0	0.886003131588546	0.426	0.171	0	17	FGFR1
0	0.572649494763237	0.206	0.08	0	17	KCNMA1
0	0.537733011482934	0.325	0.167	0	17	TCIM
0	0.522335193638078	0.508	0.228	0	17	CD44
0.000000000000000000000000000000000607530228264994	-0.5114066115083	0.3	0.241	0.000000000000000000000000000000289184388654137	17	CD47
0.000000000000000000000000000000000000000000000000000000000000000000000000000000000000000000000000000000000000000000000000000000000000000000016215892408049	-0.519817862438235	0.297	0.203	0.00000000000000000000000000000000000000000000000000000000000000000000000000000000000000000000000000000000000000000000000000000000000000000771876478623134	17	MEST
0.000000000000000000000000000000000000000000000000000000000000000000000000000364262449796348	-0.586087174093453	0.35	0.262	0.000000000000000000000000000000000000000000000000000000000000000000000000173388926103062	17	HIF1A
0.00550320449630035	-0.766989948419586	0.2	0.18	1	17	ISG15
0.000000000000000000000000000000000000000000000000000271229070718847	-0.908837989691395	0.402	0.293	0.000000000000000000000000000000000000000000000000129105037662171	17	GFAP
0.00000000000000000000000000000000000254651985791479	-1.42218171077793	0.325	0.319	0.00000000000000000000000000000000121214345236744	17	ITGB1
0.0000000000000000000000000000000000000000000000000000000000000000000000000000354054747998563	-1.50486035410537	0.279	0.296	0.0000000000000000000000000000000000000000000000000000000000000000000000000168530060047316	17	CD74
0.000000000000000000000000000000000000000000000000000000000000000000000000000000000000000000000000000000000000000710472034078504	-1.55892201225662	0.192	0.24	0.000000000000000000000000000000000000000000000000000000000000000000000000000000000000000000000000000000000000338184688221368	17	PCNA
0.000000000000000000000000000000000000000000000000000000000000000000000000000000000000000000000206730237808945	-1.66137548568648	0.178	0.219	0.0000000000000000000000000000000000000000000000000000000000000000000000000000000000000000000984035931970578	17	HLA-DRA
0.000000000000000000000000000000000000000000000000000000000000000000000000000000000000000000000000000000000000000000000000000000000000000000000000000000000000000000000000000000000000000000000000000000000000000000000000000134385913001005	-2.7486994250978	0.46	0.452	0.0000000000000000000000000000000000000000000000000000000000000000000000000000000000000000000000000000000000000000000000000000000000000000000000000000000000000000000000000000000000000000000000000000000000000000000000000639676945884784	17	MDM2
0	2.35956491537165	0.469	0.167	0	15	SLC2A1
0	2.23787631357044	0.611	0.198	0	15	IGFBP3
0	2.03160094287707	0.966	0.525	0	15	VEGFA
0	1.95111181447507	0.491	0.239	0	15	PDPN
0	1.46531670288804	0.292	0.18	0	15	PMP22
0	1.37412182098309	0.987	0.755	0	15	GAPDH
0	1.28596031926848	0.348	0.23	0	15	RHOB
0	1.27352019508228	0.426	0.242	0	15	SPP1
0	1.16772481020534	0.256	0.179	0	15	BNIP3L
0	1.15488201109073	0.662	0.373	0	15	IGFBP2
0	1.14781496977729	0.542	0.343	0	15	PGK1
0	1.04581564704708	0.588	0.397	0	15	LDHA
0	0.534981216603695	0.579	0.35	0	15	FN1
0.0000000000000000000000000000000000000000000000000000000000000000000000000000000000000000000000000000000000000000000000000000000000000000000000000000000000000000000000000000000000000000000000000000000000000000000000000000000000000000000000000000000000000000000000000000000000000000000000000000000000000824909806237491	-0.629936393804113	0.122	0.234	0.0000000000000000000000000000000000000000000000000000000000000000000000000000000000000000000000000000000000000000000000000000000000000000000000000000000000000000000000000000000000000000000000000000000000000000000000000000000000000000000000000000000000000000000000000000000000000000000000000000000000392657067769046	15	TP53
0.0000000000000000000000000000000000000000000000000000000000000000000000000000000000000000000000000000000000000000000000000000000000000000000000000000000000000000000000000000000000000000172364453807741	-0.682887658044633	0.129	0.21	0.00000000000000000000000000000000000000000000000000000000000000000000000000000000000000000000000000000000000000000000000000000000000000000000000000000000000000000000000000000000000000820454800124847	15	MEST
0.000000000000000000000000000000000000000000000000000000000000000000000000000000000000000000000000000000000000000000000000000000000000000000000000000000000000000000000000000000000000000000000000000000000000000000000000000000000000000000000000000000000000000000000000000000000000000000000000000000000000949026517063183	-0.704434441234135	0.168	0.285	0.000000000000000000000000000000000000000000000000000000000000000000000000000000000000000000000000000000000000000000000000000000000000000000000000000000000000000000000000000000000000000000000000000000000000000000000000000000000000000000000000000000000000000000000000000000000000000000000000000000000451736622122075	15	VCAN
0	-0.773973215005433	0.114	0.249	0	15	CD47
0	-0.780587787351438	0.147	0.271	0	15	HIF1A
0	-0.809110082962682	0.16	0.316	0	15	DST
0	-0.908071522140254	0.445	0.6	0	15	IFI6
0	-0.921403912970352	0.099	0.216	0	15	TGFBI
0	-0.948043562650802	0.11	0.251	0	15	TCF4
0	-1.23690862214253	0.09	0.202	0	15	MX1
0	-1.31458914887165	0.177	0.303	0	15	GFAP
0	-1.34277575166505	0.153	0.327	0	15	ITGB1
0	-1.51670484488958	0.091	0.246	0	15	PCNA
0	-1.94007159123546	0.11	0.305	0	15	CD74
0	-2.45468821216369	0.051	0.225	0	15	HLA-DRA
0	-2.68013070386444	0.237	0.463	0	15	MDM2
0	-3.15945871941439	0.09	0.344	0	15	CDK4
0	2.62435772930448	0.809	0.165	0	13	MX1
0	2.45509382168126	0.884	0.206	0	13	CD44
0	2.33537387733743	0.231	0.032	0	13	ACKR1
0	2.20169429528821	0.526	0.106	0	13	EDNRB
0	2.08844641481689	0.319	0.054	0	13	C1QC
0	2.05739891885136	0.648	0.157	0	13	ISG15
0	1.98473245081805	0.649	0.144	0	13	APOE
0	1.9828902966824	0.932	0.265	0	13	GFAP
0	1.81264235295512	0.698	0.167	0	13	EGFR
0	1.78365822601089	0.619	0.149	0	13	GPC1
0	1.76012625133414	0.63	0.16	0	13	C1QB
0	1.7186867815807	0.77	0.189	0	13	HLA-DRA
0	1.63465623649714	0.311	0.06	0	13	BMPR1B
0	1.61663127924721	0.35	0.075	0	13	VCAM1
0	1.56367887358231	0.372	0.079	0	13	C1QA
0	1.55546693065978	0.264	0.051	0	13	FCGR3A
0	1.55439938871081	0.855	0.267	0	13	CD74
0	1.43337374685322	0.297	0.075	0	13	PCOLCE
0	1.41517319846569	0.349	0.079	0	13	CCL2
0	1.3971281860618	0.735	0.226	0	13	SPP1
0	1.36288010494274	0.237	0.055	0	13	CFB
0	1.25423943249693	0.308	0.085	0	13	GLIPR1
0	1.25365947198129	0.289	0.069	0	13	FGFR2
0	1.20877686562064	0.241	0.056	0	13	AIF1
0	1.19258345514989	0.419	0.114	0	13	TIMP4
0	1.17193694761686	0.233	0.063	0	13	RNASE1
0	1.13393730990022	0.645	0.215	0	13	RHOB
0	1.04806687504551	0.201	0.053	0	13	GEM
0	0.966698868999261	0.427	0.135	0	13	THY1
0	0.965788239145109	0.67	0.259	0	13	VCAN
0	3.17380897804269	0.488	0.123	0	3	SRPX
0	2.40659784585463	0.267	0.055	0	3	CDKN2B
0	2.13190028387398	0.692	0.297	0	3	ITGB1
0	2.05142091653172	0.553	0.248	0	3	HIF1A
0	1.97192957469349	0.59	0.251	0	3	TNC
0	1.87984520078522	0.4	0.194	0	3	TIMP1
0	1.75722731226947	0.311	0.124	0	3	MYC
0	1.74866197985495	0.354	0.159	0	3	HK2
0	1.51861097756821	0.323	0.2	0	3	MIF
0	1.48275233496899	0.311	0.192	0	3	CAVIN1
0	1.39558978398981	0.712	0.465	0	3	CD63
0	1.3013598896803	0.244	0.161	0	3	NRP1
0	1.2661149270671	0.671	0.441	0	3	ENO1
0	1.03892738645353	0.201	0.122	0	3	PROX1
0	1.00558693168195	0.208	0.127	0	3	ALDOC
0	0.939339786555818	0.953	0.755	0	3	GAPDH
0	0.916628378456052	0.399	0.318	0	3	P4HB
0.00000000000000000000000000000000000000000000000000000000000000000000000000000000000000000000000000000000000000000000000000000000000000000000000000000000000000000000000000000000000000000000000000000000000000000000000000000000000000000000000000000000000000000000000000000000000000000000000000246983352122728	0.827189111292667	0.387	0.338	0.00000000000000000000000000000000000000000000000000000000000000000000000000000000000000000000000000000000000000000000000000000000000000000000000000000000000000000000000000000000000000000000000000000000000000000000000000000000000000000000000000000000000000000000000000000000000000000000000117564075610418	3	CTSB
0	0.776101647090886	0.427	0.348	0	3	PGK1
0	0.750366991262015	0.333	0.233	0	3	PCNA
0.0000000000000000000000000000000000000000000000000000000000000000000000000000000000000000000000000000000000000000000000000000000480974873941552	0.74114416232479	0.262	0.226	0.0000000000000000000000000000000000000000000000000000000000000000000000000000000000000000000000000000000000000000000000000000228944039996179	3	TP53
0.000000000000000000000000000000000000000000000000000000000000000000000000000000000000000000000000000000000000000000000000000000000000000000000000000000000000000000000000000000000000000000000000000000000000000000000000000000000000000000000000000000000000000000000000000000000199606277498751	0.734875628870269	0.338	0.273	0.0000000000000000000000000000000000000000000000000000000000000000000000000000000000000000000000000000000000000000000000000000000000000000000000000000000000000000000000000000000000000000000000000000000000000000000000000000000000000000000000000000000000000000000000000000000950125880894057	3	CDH2
0.00000000000000000000000000000000000000000000000000000000000000000000000000000000000000000000000000000000000000000000000000000000000000000000000000000000000000000000000000000000000000000000000000000000000000000000000000000000000000000000000000000000000000000000000000000000000000000000576685431144066	-0.785547076826564	0.158	0.256	0.00000000000000000000000000000000000000000000000000000000000000000000000000000000000000000000000000000000000000000000000000000000000000000000000000000000000000000000000000000000000000000000000000000000000000000000000000000000000000000000000000000000000000000000000000000000000000000274502265224576	3	SPP1
0	-0.882934921726442	0.453	0.601	0	3	IFI6
0	-0.900987654940134	0.108	0.251	0	3	CD47
0	-1.06231785722988	0.22	0.369	0	3	FN1
0	-1.14616473541151	0.124	0.246	0	3	CD44
0	-1.48004292651356	0.173	0.305	0	3	GFAP
0	-1.52537466069306	0.078	0.218	0	3	TGFBI
0	-1.54601288638877	0.384	0.555	0	3	VEGFA
0	5.51186602251521	0.899	0.017	0	27	SYN1
0	5.1008366956787	0.605	0.006	0	27	CHGA
0	4.53379465867763	0.737	0.018	0	27	SNCA
0	3.7083841313129	0.522	0.013	0	27	PCSK2
0	3.37720113827486	0.932	0.133	0	27	BASP1
0	3.09020036720878	0.755	0.058	0	27	CAMK2B
0	3.05663259141324	0.76	0.084	0	27	KCNMA1
0	2.77340556420081	0.317	0.014	0	27	GABRD
0	2.64241817804366	0.658	0.073	0	27	MEF2C
0	2.45198931392161	0.289	0.03	0	27	PCP4
0	2.42581541555332	0.829	0.148	0	27	THY1
0	2.24770756283655	0.655	0.096	0	27	HOMER1
0	2.1956370399575	0.491	0.063	0	27	NPDC1
0	1.70971855132842	0.257	0.026	0	27	PPP1R1B
0	1.689885049181	0.977	0.592	0	27	IFI6
0	1.66877139837892	0.512	0.065	0	27	MCF2L
0	1.66526637372207	0.836	0.242	0	27	CD47
0	1.49456897441325	0.636	0.13	0	27	ALDOC
0.000000000000000000000000000000000000000000000000000000000000000000000000000000000000000000000000000000000000000000000000000000000000000000000000000000000000000000000000000000000000000000000000000000000000000000000000000000000000000000000000154599395116355	1.46744479339025	0.227	0.034	0.0000000000000000000000000000000000000000000000000000000000000000000000000000000000000000000000000000000000000000000000000000000000000000000000000000000000000000000000000000000000000000000000000000000000000000000000000000000000000000000000735893120753849	27	TOX
0	1.43590394104048	0.756	0.195	0	27	MX1
0	1.41830431521472	0.367	0.043	0	27	ARFGEF3
0.000000000000000000000000000000000000000000000000000000000000000000000000000000000000000000000000000000000000000000000000000000000000000000000000000000000000000000000000000000000000000000000000000000000000000000000000000000000000000000000000000000000000000000000000000000000000000000000000167958765380192	1.39799966537544	0.436	0.094	0.0000000000000000000000000000000000000000000000000000000000000000000000000000000000000000000000000000000000000000000000000000000000000000000000000000000000000000000000000000000000000000000000000000000000000000000000000000000000000000000000000000000000000000000000000000000000000000000000799483723209714	27	SMYD2
0.000000000000000000000000000000000000000000000000000000000000000000000000000000000000000000000000000000000000000000000000000000000000000000000000000000000000000000000000000000000000000000000000000000000000000000000000000000000000000000000000000000000000000000000000000000000000000000000000000000000558610892883906	1.35506249374927	0.276	0.041	0.000000000000000000000000000000000000000000000000000000000000000000000000000000000000000000000000000000000000000000000000000000000000000000000000000000000000000000000000000000000000000000000000000000000000000000000000000000000000000000000000000000000000000000000000000000000000000000000000000000265898785012739	27	ACKR1
0	1.32969921365817	0.662	0.18	0	27	ISG15
0	1.25653721008629	0.619	0.13	0	27	PTPRD
0.0000000000000000000000000000000000000000000000000000000000000000000000000000000000000000000000000000000000000000000000000000000000000000000000000000000000000000000000000000000000308424202239498	1.20938335445867	0.296	0.066	0.0000000000000000000000000000000000000000000000000000000000000000000000000000000000000000000000000000000000000000000000000000000000000000000000000000000000000000000000000000000146809920266001	27	C1QC
0.000000000000000000000000000000000000000000000000000000000000000000000000000000000000000000000000000000000000000000000000000000000000000000000000000000000000000000000000000000000000000000000000000000000000000000000000000000000000000000000000000000000000000000000000000116357589548575	1.01961037436891	0.893	0.34	0.0000000000000000000000000000000000000000000000000000000000000000000000000000000000000000000000000000000000000000000000000000000000000000000000000000000000000000000000000000000000000000000000000000000000000000000000000000000000000000000000000000000000000000000000000553862126251217	27	CTSB
0.0000000000000000000000000000000000000000000000000000000000000000000000000000000000000000000000000000000000000000000000000000000000000000000000000000000000000000000000000000000000000000000000000000000000000000000000000000000000194537269258847	0.976164075266974	0.735	0.249	0.00000000000000000000000000000000000000000000000000000000000000000000000000000000000000000000000000000000000000000000000000000000000000000000000000000000000000000000000000000000000000000000000000000000000000000000000000000000925997401672113	27	SPP1
0.00000000000000000000000000000000000000000000000000000000000000000000000000000000000000000000000000000000000000000000000000000000000000000000000000000000000000000000000000000000000000000000000000000000000000000000000000477299885226489	0.959726684042486	0.402	0.095	0.00000000000000000000000000000000000000000000000000000000000000000000000000000000000000000000000000000000000000000000000000000000000000000000000000000000000000000000000000000000000000000000000000000000000000000000000227194745367809	27	GLIPR1
0.00000000000000000000000000000000000000000000000000000000000000000000000000000000000000000000000000000000000000000000000000000000000000000000000000000000000000000000000000000000000000000000000000000000000000000000000000300450428069599	0.90344666729451	0.723	0.243	0.00000000000000000000000000000000000000000000000000000000000000000000000000000000000000000000000000000000000000000000000000000000000000000000000000000000000000000000000000000000000000000000000000000000000000000000000143014403761129	27	TCF4
0	2.49865810706783	0.409	0.031	0	26	ACKR1
0	2.1696831070208	0.966	0.219	0	26	CD44
0	2.13897237118732	0.866	0.178	0	26	MX1
0	1.87718101778325	0.643	0.081	0	26	GLIPR1
0	1.84639421419592	0.754	0.153	0	26	APOE
0	1.65843809314889	0.606	0.113	0	26	EDNRB
0	1.62400724484896	0.796	0.154	0	26	GPC1
0	1.6027610728524	0.486	0.078	0	26	VCAM1
0	1.56176394384029	0.72	0.166	0	26	ISG15
0	1.44048952878996	0.423	0.054	0	26	CFB
0	1.42576137085647	0.496	0.081	0	26	CCL2
0	1.39232212190769	0.772	0.177	0	26	EGFR
0	1.35434063889336	0.436	0.104	0	26	PDGFRA
0	1.33264353506148	0.879	0.233	0	26	SPP1
0	1.31585424893326	0.404	0.057	0	26	C1QC
0	1.30043682420895	0.827	0.2	0	26	HLA-DRA
0	1.22982106278554	0.387	0.051	0	26	GEM
0	1.22815408331926	0.456	0.062	0	26	BMPR1B
0	1.21990849360502	0.202	0.021	0	26	BBOX1
0	1.21669051374149	0.449	0.076	0	26	PCOLCE
0	1.20123484249413	0.398	0.079	0	26	MYLK
0	1.15079470095913	0.887	0.281	0	26	GFAP
0	1.14879883690761	0.702	0.197	0	26	TGFBI
0	1.12121892399345	0.441	0.069	0	26	FGFR2
0	1.0964532793307	0.853	0.218	0	26	RHOB
0	1.06264586748534	0.576	0.116	0	26	TIMP4
0	1.05100959244147	0.881	0.28	0	26	CD74
0	1.02046600697719	0.384	0.052	0	26	FCGR3A
0	1.0106240338144	0.687	0.169	0	26	C1QB
0	1.00414793312706	0.885	0.253	0	26	TNC
0	6.7137443850144	0.981	0.021	0	29	TENT5C
0	6.0025053765364	0.6	0.009	0	29	CD79A
0	5.91006168110733	0.857	0.018	0	29	SLAMF7
0	5.89718935193538	0.945	0.024	0	29	MZB1
0	5.52279587543979	0.791	0.02	0	29	CYTIP
0	5.37758910941299	0.857	0.06	0	29	PRDM1
0	4.6635318344425	0.368	0.011	0	29	CCR2
0	4.61285419586272	0.513	0.021	0	29	PLCG2
0	4.52228575191422	0.742	0.045	0	29	PECAM1
0	3.85870209217685	0.601	0.089	0	29	CXCR4
0	3.73984458587259	0.303	0.015	0	29	TNFRSF17
0	3.70485086113331	0.238	0.014	0	29	DERL3
0	3.52899189822213	0.52	0.068	0	29	FKBP11
0	3.46969743378	0.618	0.088	0	29	BCL2L11
0.000000000000000000000000000000000000000000000000000000000000000000000000000000000000000000000000000000000000000000000000000000000000000000000000000000000000000000000000000000000000000000000000000000000000000000000000000000000000000000000000000640998111464361	2.20017270531577	0.25	0.043	0.000000000000000000000000000000000000000000000000000000000000000000000000000000000000000000000000000000000000000000000000000000000000000000000000000000000000000000000000000000000000000000000000000000000000000000000000000000000000000000000000305115101057036	29	FGL2
0	2.09999216949344	0.861	0.295	0	29	CD74
0.0000000000000000000000000000000000000000000000000000000000000000000000000000000000000000000000000000000000000000000000000000011296108340182	1.94857245080165	0.258	0.073	0.000000000000000000000000000000000000000000000000000000000000000000000000000000000000000000000000000000000000000000000000000537694756992662	29	MEF2C
0.000000000000000000000000000000000000000000000000000000000000000000000000000000000000000000000000000000000000000000000000000000000000000000000928119569589718	1.30767292700933	0.627	0.322	0.000000000000000000000000000000000000000000000000000000000000000000000000000000000000000000000000000000000000000000000000000000000000000000441784915124706	29	P4HB
0.00000000737288362001829	1.00189333681144	0.259	0.205	0.0000035094926031287	29	TIMP1
0.000000000000000000000000000000000000000000000000000000000000000000000000000000000000000000560912133785869	0.939063566885942	0.225	0.067	0.000000000000000000000000000000000000000000000000000000000000000000000000000000000000000266994175682074	29	PTPRC
0.000000000000000000000000000000000208661108140857	0.933960251092365	0.335	0.206	0.000000000000000000000000000000099322687475048	29	MIF
0.00000000000000000000000000285841080467072	0.909943137047789	0.278	0.17	0.00000000000000000000000136060354302326	29	JAK1
0.0000000000000000000000000000000000000000000000000000000000000000133471249593419	0.840485452015036	0.312	0.134	0.00000000000000000000000000000000000000000000000000000000000000635323148064675	29	BASP1
0.0000000000000000000000000000000000000000000000000545376261568718	0.654379945911041	0.435	0.239	0.000000000000000000000000000000000000000000000025959910050671	29	CD44
0.0000000000000169053242429165	-0.567708485314633	0.844	0.766	0.00000000000804693433962825	29	GAPDH
0.000000000383700785798095	-0.715333736111452	0.378	0.453	0.000000182641574039893	29	ENO1
0.000000000580457784920006	-0.83086464713699	0.145	0.229	0.000000276297905621923	29	TP53
0.000000000347770459682428	-1.07355998728633	0.159	0.239	0.000000165538738808836	29	PCNA
0.0000000000000000000000000000000000000000000000000000000338779199400981	-1.35787334583141	0.412	0.593	0.0000000000000000000000000000000000000000000000000000161258898914867	29	IFI6
0.00000000000000000000570029341998523	-1.42426428941638	0.114	0.236	0.00000000000000000271333966791297	29	RHOB
0	2.87960706793911	0.859	0.136	0	25	SRPX
0	2.59361744765604	0.663	0.079	0	25	CEMIP2
0	2.36357272212877	0.987	0.312	0	25	ITGB1
0	2.3163364371228	0.625	0.078	0	25	CDK1
0	2.17529664085182	0.952	0.258	0	25	HIF1A
0	1.83153832080702	0.363	0.052	0	25	BAMBI
0	1.7765256788542	0.805	0.201	0	25	MIF
0	1.77361250196914	0.561	0.097	0	25	TOP2A
0	1.77089161599165	0.573	0.092	0	25	CENPF
0	1.61387335936959	0.871	0.264	0	25	TNC
0	1.54279530966268	0.614	0.162	0	25	NRP1
0	1.5023610474883	0.329	0.048	0	25	CCNB2
0	1.45976604077407	0.981	0.474	0	25	CD63
0	1.42086010052261	0.601	0.167	0	25	GPC1
0	1.34206077268411	0.849	0.271	0	25	CDH2
0	1.33478116633002	0.457	0.063	0	25	CDKN2B
0	1.30803014214045	0.583	0.127	0	25	ALDOC
0	1.29919824743298	0.716	0.2	0	25	TIMP1
0	1.28373851522108	0.687	0.193	0	25	CAVIN1
0	1.26479251518349	0.423	0.08	0	25	UBE2C
0	1.22767166141305	0.506	0.12	0	25	TGFB1
0	1.20784681727121	0.943	0.437	0	25	PTN
0	1.18311042078682	0.432	0.087	0	25	CXCR4
0	1.17367487658	0.597	0.13	0	25	MYC
0	1.12462250188377	0.747	0.223	0	25	TP53
0	1.09017873262706	0.351	0.07	0	25	TFPI
0	1.08240826514254	0.563	0.122	0	25	PROX1
0	1.05857037181519	0.958	0.448	0	25	ENO1
0	1.05454932699823	0.259	0.035	0	25	SEMA3C
0	1.05208887024228	0.485	0.138	0	25	VEGFB
